lambdaa,%T
18261,1.005799174
18260,1.008742213
18259,1.017822504
18258,1.022580981
18257,1.034149766
18256,1.041802168
18255,1.049769998
18254,1.058714509
18253,1.065346122
18252,1.069295883
18251,1.080570936
18250,1.086319327
18249,1.094935417
18248,1.103991866
18247,1.112792253
18246,1.119802713
18245,1.125698209
18244,1.13310945
18243,1.146142244
18242,1.151342511
18241,1.161820889
18240,1.172260523
18239,1.18319869
18238,1.190487742
18237,1.199836969
18236,1.211087346
18235,1.220341563
18234,1.229383111
18233,1.239572525
18232,1.252475262
18231,1.262802124
18230,1.268901944
18229,1.274833441
18228,1.281232119
18227,1.298662663
18226,1.311007977
18225,1.322125316
18224,1.336172462
18223,1.349305511
18222,1.360253692
18221,1.369596958
18220,1.376125455
18219,1.391195655
18218,1.402543068
18217,1.41273582
18216,1.42479229
18215,1.439918876
18214,1.454482913
18213,1.462220788
18212,1.472429991
18211,1.481509805
18210,1.496661067
18209,1.508526683
18208,1.520139575
18207,1.534972429
18206,1.550034642
18205,1.562625885
18204,1.575529218
18203,1.590720177
18202,1.60170126
18201,1.61913538
18200,1.630787611
18199,1.645451546
18198,1.659018159
18197,1.675962806
18196,1.689036727
18195,1.699031711
18194,1.716724038
18193,1.729457259
18192,1.744874597
18191,1.760880113
18190,1.772505045
18189,1.787112236
18188,1.80793047
18187,1.819518805
18186,1.835387945
18185,1.853337169
18184,1.87083149
18183,1.885438561
18182,1.900308728
18181,1.917057157
18180,1.927814484
18179,1.943646908
18178,1.956571579
18177,1.973268628
18176,1.99155581
18175,2.011903763
18174,2.02509737
18173,2.03584075
18172,2.059187174
18171,2.076780558
18170,2.095160007
18169,2.108119726
18168,2.123814344
18167,2.146487713
18166,2.162013054
18165,2.181515217
18164,2.195324898
18163,2.216121197
18162,2.233054399
18161,2.250746965
18160,2.262719154
18159,2.285177946
18158,2.30545783
18157,2.329604149
18156,2.348689556
18155,2.365553617
18154,2.387671947
18153,2.410174608
18152,2.427017927
18151,2.44610858
18150,2.470479727
18149,2.494395256
18148,2.514384031
18147,2.535275459
18146,2.555448771
18145,2.581734896
18144,2.604220152
18143,2.623232603
18142,2.645635843
18141,2.672380924
18140,2.69821167
18139,2.717580557
18138,2.739147186
18137,2.768507957
18136,2.793977737
18135,2.822919607
18134,2.843902349
18133,2.867625237
18132,2.899329662
18131,2.921716452
18130,2.948657036
18129,2.97307086
18128,3.005072355
18127,3.033498287
18126,3.048118114
18125,3.073925257
18124,3.106654644
18123,3.140197992
18122,3.162452221
18121,3.188900948
18120,3.211965322
18119,3.249834061
18118,3.277499914
18117,3.304894209
18116,3.330326796
18115,3.373663902
18114,3.401705742
18113,3.428258419
18112,3.450893879
18111,3.488354445
18110,3.518349648
18109,3.546420574
18108,3.572679996
18107,3.606804848
18106,3.646339178
18105,3.675708294
18104,3.704623222
18103,3.737808466
18102,3.775306702
18101,3.813010454
18100,3.843355656
18099,3.876703501
18098,3.921402931
18097,3.958223343
18096,3.98988986
18095,4.028030872
18094,4.06602335
18093,4.111508846
18092,4.142864227
18091,4.177417755
18090,4.211606026
18089,4.259456635
18088,4.297419071
18087,4.332712173
18086,4.373328209
18085,4.412996292
18084,4.459258556
18083,4.496795654
18082,4.533548355
18081,4.577778816
18080,4.631982803
18079,4.670016766
18078,4.708315849
18077,4.750843525
18076,4.800760746
18075,4.840806484
18074,4.886256695
18073,4.924835682
18072,4.977931023
18071,5.021528721
18070,5.062180519
18069,5.107855797
18068,5.160211086
18067,5.216135979
18066,5.260124683
18065,5.308028221
18064,5.355338573
18063,5.414772987
18062,5.46173811
18061,5.511758327
18060,5.556274414
18059,5.62265873
18058,5.678888321
18057,5.721123695
18056,5.770795345
18055,5.823653698
18054,5.890388966
18053,5.941866875
18052,5.993118286
18051,6.049939156
18050,6.125201225
18049,6.178600788
18048,6.233914375
18047,6.284793377
18046,6.363727093
18045,6.429954052
18044,6.488360405
18043,6.542685509
18042,6.615487576
18041,6.68503952
18040,6.743888378
18039,6.805940151
18038,6.865089417
18037,6.944464207
18036,7.011051655
18035,7.06846714
18034,7.139445782
18033,7.223628521
18032,7.300701618
18031,7.367084026
18030,7.428135872
18029,7.515586853
18028,7.597679138
18027,7.662837982
18026,7.7360816
18025,7.815795898
18024,7.905237198
18023,7.97599268
18022,8.047534943
18021,8.118234634
18020,8.219834328
18019,8.299289703
18018,8.372626305
18017,8.452536583
18016,8.549396515
18015,8.644619942
18014,8.717406273
18013,8.807778358
18012,8.890835762
18011,8.99686718
18010,9.070949554
18009,9.159913063
18008,9.240922928
18007,9.345370293
18006,9.434906006
18005,9.524695396
18004,9.604786873
18003,9.715044975
18002,9.822673798
18001,9.909982681
18000,10.00574017
17999,10.11158848
17998,10.24011421
17997,10.3364315
17996,10.43362617
17995,10.53111649
17994,10.6655941
17993,10.77486324
17992,10.86705208
17991,10.97338676
17990,11.10796738
17989,11.22041416
17988,11.32292271
17987,11.42612171
17986,11.53750515
17985,11.67930031
17984,11.78937721
17983,11.89269066
17982,12.00630188
17981,12.16817093
17980,12.28067684
17979,12.39161587
17978,12.50404549
17977,12.66047382
17976,12.79499245
17975,12.90633202
17974,13.02470684
17973,13.17382431
17972,13.31758785
17971,13.43259239
17970,13.56362152
17969,13.68917847
17968,13.8509531
17967,13.98302746
17966,14.10653782
17965,14.24353981
17964,14.41860199
17963,14.56499672
17962,14.70383072
17961,14.84212303
17960,15.003479
17959,15.17943287
17958,15.31528091
17957,15.45187569
17956,15.61415482
17955,15.81173992
17954,15.94948292
17953,16.10914993
17952,16.25837517
17951,16.43974686
17950,16.623312
17949,16.77177048
17948,16.92981339
17947,17.12848473
17946,17.33158493
17945,17.47872734
17944,17.65434647
17943,17.84262085
17942,18.0653286
17941,18.23661613
17940,18.40010262
17939,18.58768845
17938,18.82019806
17937,18.9944458
17936,19.1710968
17935,19.35752106
17934,19.57245255
17933,19.79826355
17932,19.97126961
17931,20.16526985
17930,20.38580322
17929,20.64242744
17928,20.82390785
17927,21.02259064
17926,21.23352051
17925,21.50411606
17924,21.69039154
17923,21.89975929
17922,22.0890255
17921,22.36325645
17920,22.60123062
17919,22.79333115
17918,23.01503754
17917,23.23794937
17916,23.51780319
17915,23.73444557
17914,23.95914268
17913,24.18197632
17912,24.51059532
17911,24.73970222
17910,24.9731369
17909,25.19817734
17908,25.5129776
17907,25.76645088
17906,25.99883652
17905,26.22532845
17904,26.51269722
17903,26.8148098
17902,27.04755402
17901,27.2876091
17900,27.55196762
17899,27.86745071
17898,28.11942482
17897,28.38503647
17896,28.64941406
17895,28.9895916
17894,29.31733513
17893,29.59913635
17892,29.88580132
17891,30.24844742
17890,30.59257889
17889,30.85621071
17888,31.12808418
17887,31.42990685
17886,31.78755379
17885,32.05608368
17884,32.35167694
17883,32.63745117
17882,32.97123718
17881,33.29735565
17880,33.57632065
17879,33.87044525
17878,34.2131691
17877,34.6199646
17876,34.89616013
17875,35.210289
17874,35.5202179
17873,35.93508911
17872,36.23532104
17871,36.55577469
17870,36.84014893
17869,37.25007629
17868,37.57580948
17867,37.87850571
17866,38.18187714
17865,38.56053162
17864,38.93599701
17863,39.25886154
17862,39.57756424
17861,39.94306946
17860,40.40251541
17859,40.75428391
17858,41.07662964
17857,41.41306305
17856,41.86182022
17855,42.21187592
17854,42.55859756
17853,42.88101959
17852,43.28463364
17851,43.71139908
17850,44.04238892
17849,44.40376282
17848,44.75880051
17847,45.21476746
17846,45.56723022
17845,45.94846725
17844,46.2735405
17843,46.78038788
17842,47.19474792
17841,47.57328033
17840,47.8922081
17839,48.3901329
17838,48.82871628
17837,49.18199158
17836,49.55072021
17835,49.91970444
17834,50.41372681
17833,50.76109314
17832,51.12726212
17831,51.48370361
17830,51.94086456
17829,52.3482132
17828,52.74605179
17827,53.0886879
17826,53.59732437
17825,54.04604721
17824,54.42877579
17823,54.79732895
17822,55.25294113
17821,55.72373199
17820,56.10070801
17819,56.49847412
17818,56.86618042
17817,57.36510849
17816,57.76556778
17815,58.13850021
17814,58.5021019
17813,58.93523788
17812,59.37234116
17811,59.75936127
17810,60.16033936
17809,60.58930206
17808,61.08008575
17807,61.48352051
17806,61.85897446
17805,62.26803207
17804,62.77471924
17803,63.16107941
17802,63.55874634
17801,63.90766907
17800,64.39902496
17799,64.81097412
17798,65.16997528
17797,65.51654053
17796,65.93060303
17795,66.35290527
17794,66.753685
17793,67.11582947
17792,67.51594543
17791,68.00347137
17790,68.41516876
17789,68.76713562
17788,69.14177704
17787,69.61158752
17786,70.01663208
17785,70.38540649
17784,70.73981476
17783,71.19581604
17782,71.60089111
17781,71.93923187
17780,72.28201294
17779,72.62360382
17778,73.05124664
17777,73.41893768
17776,73.7875824
17775,74.13040161
17774,74.56569672
17773,74.96134186
17772,75.29884338
17771,75.64709473
17770,76.05168152
17769,76.44335938
17768,76.7526474
17767,77.10115051
17766,77.43941498
17765,77.83878326
17764,78.14558411
17763,78.44543457
17762,78.75749969
17761,79.13239288
17760,79.46108246
17759,79.75737762
17758,80.07402039
17757,80.44327545
17756,80.77755737
17755,81.09406281
17754,81.37008667
17753,81.69818115
17752,82.11022949
17751,82.37008667
17750,82.68161774
17749,82.93882751
17748,83.29876709
17747,83.5619278
17746,83.80780792
17745,84.06306458
17744,84.3797226
17743,84.69043732
17742,84.896492
17741,85.17385864
17740,85.43132782
17739,85.75753021
17738,85.98416138
17737,86.23023224
17736,86.49035645
17735,86.81947327
17734,87.03513336
17733,87.2709198
17732,87.51023102
17731,87.78769684
17730,88.03300476
17729,88.23725891
17728,88.43915558
17727,88.65183258
17726,88.90113831
17725,89.11112213
17724,89.31543732
17723,89.5411377
17722,89.78076172
17721,89.99473572
17720,90.17803955
17719,90.33872223
17718,90.59667969
17717,90.80617523
17716,90.97031403
17715,91.14608002
17714,91.35758209
17713,91.53094482
17712,91.664711
17711,91.82437134
17710,91.99710846
17709,92.19135284
17708,92.34152222
17707,92.47333527
17706,92.65507507
17705,92.82216644
17704,92.9728241
17703,93.11963654
17702,93.24402618
17701,93.4345932
17700,93.5819397
17699,93.70360565
17698,93.82459259
17697,93.95497894
17696,94.11815643
17695,94.21450806
17694,94.33621979
17693,94.44013214
17692,94.56826019
17691,94.67990875
17690,94.77489471
17689,94.87573242
17688,95.00815582
17687,95.11843109
17686,95.21070099
17685,95.29501343
17684,95.40494537
17683,95.50792694
17682,95.59933472
17681,95.68321991
17680,95.78554535
17679,95.87114716
17678,95.9365387
17677,96.00351715
17676,96.09986877
17675,96.16660309
17674,96.25417328
17673,96.30883789
17672,96.38333893
17671,96.4382019
17670,96.50975037
17669,96.5743866
17668,96.64509583
17667,96.68661499
17666,96.76776886
17665,96.81797028
17664,96.87081146
17663,96.899086
17662,96.98150635
17661,97.00128937
17660,97.07397461
17659,97.1055603
17658,97.15422058
17657,97.19945526
17656,97.2293396
17655,97.27159119
17654,97.29685211
17653,97.33150482
17652,97.38038635
17651,97.39730072
17650,97.42242432
17649,97.46951294
17648,97.50640869
17647,97.51005554
17646,97.54875946
17645,97.57971954
17644,97.59243774
17643,97.61407471
17642,97.63656616
17641,97.65071106
17640,97.68764496
17639,97.69762421
17638,97.72370911
17637,97.69882202
17636,97.74238586
17635,97.73999023
17634,97.76660919
17633,97.7976532
17632,97.79536438
17631,97.8010788
17630,97.8195343
17629,97.79322815
17628,97.8236084
17627,97.83476257
17626,97.86141205
17625,97.85404968
17624,97.8663559
17623,97.85784912
17622,97.86299133
17621,97.85310364
17620,97.87863922
17619,97.88298035
17618,97.87714386
17617,97.87704468
17616,97.86012268
17615,97.87359619
17614,97.8573761
17613,97.86826324
17612,97.86908722
17611,97.84925079
17610,97.87354279
17609,97.84738159
17608,97.85289764
17607,97.84925842
17606,97.84598541
17605,97.8318634
17604,97.832901
17603,97.81958771
17602,97.82025146
17601,97.80860901
17600,97.81939697
17599,97.79353333
17598,97.80927277
17597,97.76390839
17596,97.78573608
17595,97.74440765
17594,97.78033447
17593,97.74234772
17592,97.76552582
17591,97.71457672
17590,97.74375916
17589,97.70024872
17588,97.71537781
17587,97.69784546
17586,97.71620941
17585,97.68856812
17584,97.68887329
17583,97.66126251
17582,97.65667725
17581,97.6624527
17580,97.64740753
17579,97.63795471
17578,97.64027405
17577,97.63563538
17576,97.62135315
17575,97.59829712
17574,97.59635925
17573,97.58718109
17572,97.56430054
17571,97.59560394
17570,97.56188202
17569,97.54678345
17568,97.54473877
17567,97.52150726
17566,97.52031708
17565,97.50910187
17564,97.51061249
17563,97.49259186
17562,97.49567413
17561,97.46472931
17560,97.47071838
17559,97.44503021
17558,97.44909668
17557,97.42508698
17556,97.41815948
17555,97.42049408
17554,97.42242432
17553,97.39182281
17552,97.40519714
17551,97.40879059
17550,97.39068604
17549,97.36473846
17548,97.37124634
17547,97.34819794
17546,97.35113525
17545,97.34836578
17544,97.3537674
17543,97.33375549
17542,97.33612823
17541,97.29243469
17540,97.2984314
17539,97.3190918
17538,97.2721405
17537,97.29193115
17536,97.2586441
17535,97.27256775
17534,97.24555206
17533,97.24261475
17532,97.24716187
17531,97.25579071
17530,97.23890686
17529,97.24133301
17528,97.22668457
17527,97.23013306
17526,97.19172668
17525,97.23166656
17524,97.19258881
17523,97.1920166
17522,97.19915771
17521,97.18506622
17520,97.19148254
17519,97.16670227
17518,97.17308807
17517,97.17404175
17516,97.14964294
17515,97.17191315
17514,97.14477539
17513,97.16368103
17512,97.15032959
17511,97.16056061
17510,97.12747192
17509,97.12797546
17508,97.13384247
17507,97.13171387
17506,97.12219238
17505,97.11190033
17504,97.1177063
17503,97.12120056
17502,97.11925507
17501,97.11759949
17500,97.11460114
17499,97.1071701
17498,97.09495544
17497,97.10076141
17496,97.08746338
17495,97.08427429
17494,97.11785889
17493,97.08096313
17492,97.0838623
17491,97.07498169
17490,97.06103516
17489,97.0759964
17488,97.07345581
17487,97.08338165
17486,97.087883
17485,97.05818176
17484,97.07821655
17483,97.04152679
17482,97.06850433
17481,97.04026794
17480,97.05970001
17479,97.05810547
17478,97.05252838
17477,97.05001068
17476,97.0511322
17475,97.05387115
17474,97.05298615
17473,97.04563904
17472,97.0623703
17471,97.04871368
17470,97.05764008
17469,97.05010986
17468,97.03744507
17467,97.03457642
17466,97.04998016
17465,97.05621338
17464,97.05245209
17463,97.0463562
17462,97.03599548
17461,97.0526123
17460,97.04046631
17459,97.03918457
17458,97.04367828
17457,97.04180908
17456,97.02329254
17455,97.04521179
17454,97.04282379
17453,97.02864075
17452,97.03740692
17451,97.04730225
17450,97.04423523
17449,97.02632141
17448,97.04550934
17447,97.0203476
17446,97.0484848
17445,97.01822662
17444,97.06282806
17443,97.02797699
17442,97.03266907
17441,97.02926636
17440,97.03742218
17439,97.02697754
17438,97.05242157
17437,97.04317474
17436,97.04073334
17435,97.02174377
17434,97.02307892
17433,97.01417542
17432,97.02217865
17431,97.04147339
17430,97.03124237
17429,97.04814911
17428,97.03849792
17427,97.03269196
17426,97.02781677
17425,97.01676178
17424,97.05024719
17423,97.03432465
17422,97.0539856
17421,97.02885437
17420,97.04290009
17419,97.02633667
17418,97.03616333
17417,97.04233551
17416,97.05555725
17415,97.0411911
17414,97.04484558
17413,97.0195694
17412,97.04141998
17411,97.00833893
17410,97.04125977
17409,97.02355194
17408,97.05658722
17407,97.03853607
17406,97.04655457
17405,97.02173615
17404,97.03139496
17403,97.01863098
17402,97.03948975
17401,97.01741028
17400,97.04122925
17399,97.0351944
17398,97.03614807
17397,97.01623535
17396,97.02816772
17395,97.02400208
17394,97.02294159
17393,97.01689148
17392,97.00923157
17391,97.00832367
17390,97.0178833
17389,97.0042572
17388,97.03504944
17387,97.01062775
17386,97.0291214
17385,96.99013519
17384,97.00634766
17383,96.99131012
17382,97.0158844
17381,97.00752258
17380,97.01392365
17379,96.99317169
17378,97.0076828
17377,96.98362732
17376,96.99589539
17375,96.98666382
17374,96.99525452
17373,96.98422241
17372,96.99653625
17371,96.99095917
17370,96.99689484
17369,96.9940567
17368,96.9916153
17367,96.97114563
17366,96.99369812
17365,96.97705841
17364,97.00662231
17363,96.9763031
17362,96.98823547
17361,96.97537231
17360,96.98999786
17359,96.99462891
17358,96.97988892
17357,96.97981262
17356,96.96796417
17355,96.96109009
17354,96.97595215
17353,96.98335266
17352,96.98571777
17351,96.97651672
17350,96.98536682
17349,96.95735931
17348,96.96067047
17347,96.95764923
17346,96.97091675
17345,96.96198273
17344,96.95249939
17343,96.93743134
17342,96.94378662
17341,96.93781281
17340,96.95965576
17339,96.939888
17338,96.97236633
17337,96.95262146
17336,96.95580292
17335,96.93817139
17334,96.94010925
17333,96.93135834
17332,96.9371109
17331,96.93635559
17330,96.9516449
17329,96.9453125
17328,96.9429245
17327,96.91300964
17326,96.93174744
17325,96.91228485
17324,96.93148041
17323,96.92157745
17322,96.93756866
17321,96.91503906
17320,96.9303894
17319,96.91030121
17318,96.92433167
17317,96.91385651
17316,96.92221832
17315,96.91705322
17314,96.92507172
17313,96.92371368
17312,96.91706848
17311,96.89312744
17310,96.89673615
17309,96.8874588
17308,96.90629578
17307,96.91498566
17306,96.9070816
17305,96.88578796
17304,96.89052582
17303,96.89427948
17302,96.87715912
17301,96.89253998
17300,96.87464142
17299,96.89465332
17298,96.89857483
17297,96.89330292
17296,96.87844849
17295,96.8754425
17294,96.87809753
17293,96.88642883
17292,96.8883667
17291,96.86125183
17290,96.88977814
17289,96.88677216
17288,96.87697601
17287,96.85847473
17286,96.87409973
17285,96.88749695
17284,96.87128448
17283,96.8792038
17282,96.86338043
17281,96.87394714
17280,96.85767365
17279,96.86925507
17278,96.86865234
17277,96.86615753
17276,96.86205292
17275,96.85412598
17274,96.85223389
17273,96.86772156
17272,96.85611725
17271,96.8752594
17270,96.85081482
17269,96.85231018
17268,96.8440094
17267,96.85514832
17266,96.84217834
17265,96.84693146
17264,96.85971069
17263,96.8558197
17262,96.84561157
17261,96.83285522
17260,96.83558655
17259,96.84310913
17258,96.83895111
17257,96.85596466
17256,96.85334778
17255,96.85348511
17254,96.84747314
17253,96.8476181
17252,96.8369751
17251,96.8527832
17250,96.84482574
17249,96.85692596
17248,96.8642807
17247,96.86199188
17246,96.83420563
17245,96.85642242
17244,96.84333038
17243,96.85129547
17242,96.85324097
17241,96.85883331
17240,96.86193848
17239,96.86276245
17238,96.86621094
17237,96.85656738
17236,96.8525238
17235,96.86468506
17234,96.84994507
17233,96.86795807
17232,96.87404633
17231,96.85797882
17230,96.88954163
17229,96.86122894
17228,96.89194489
17227,96.87916565
17226,96.86222076
17225,96.88731384
17224,96.87081909
17223,96.89691162
17222,96.87052155
17221,96.86268616
17220,96.89057159
17219,96.90800476
17218,96.88795471
17217,96.88280487
17216,96.89584351
17215,96.91768646
17214,96.92395782
17213,96.88880157
17212,96.90293884
17211,96.93605042
17210,96.9234314
17209,96.93571472
17208,96.91119385
17207,96.92786407
17206,96.95955658
17205,96.93152618
17204,96.94242096
17203,96.95578003
17202,96.94947815
17201,96.94297028
17200,96.95305634
17199,96.95883179
17198,96.96012115
17197,96.9802475
17196,96.94893646
17195,96.98673248
17194,96.95976257
17193,96.98679352
17192,97.00205231
17191,96.96572876
17190,97.00035095
17189,97.00547791
17188,97.00039673
17187,97.00397491
17186,97.01493835
17185,97.01435089
17184,97.02820587
17183,97.02777863
17182,97.04257965
17181,97.03514862
17180,97.03044891
17179,97.03651428
17178,97.06111145
17177,97.06221008
17176,97.06693268
17175,97.06095123
17174,97.04418945
17173,97.05477905
17172,97.05384064
17171,97.06890869
17170,97.09066772
17169,97.07893372
17168,97.100914
17167,97.07311249
17166,97.10253143
17165,97.08895874
17164,97.10086823
17163,97.12125397
17162,97.12643433
17161,97.12944794
17160,97.12935638
17159,97.12355804
17158,97.12782288
17157,97.14542389
17156,97.14847565
17155,97.16751862
17154,97.15626526
17153,97.15651703
17152,97.16402435
17151,97.15209198
17150,97.16751862
17149,97.183815
17148,97.17485046
17147,97.20365143
17146,97.18826294
17145,97.18889618
17144,97.18728638
17143,97.20398712
17142,97.21329498
17141,97.2180481
17140,97.22212219
17139,97.21239471
17138,97.22291565
17137,97.24575043
17136,97.24163818
17135,97.24572754
17134,97.23956299
17133,97.24938965
17132,97.25588989
17131,97.25180054
17130,97.28139496
17129,97.25927734
17128,97.26637268
17127,97.26825714
17126,97.27445984
17125,97.28883362
17124,97.30476379
17123,97.30480957
17122,97.30106354
17121,97.2995224
17120,97.29023743
17119,97.30493164
17118,97.32923889
17117,97.31587982
17116,97.33085632
17115,97.30880737
17114,97.3323288
17113,97.32408905
17112,97.32800293
17111,97.33500671
17110,97.32929993
17109,97.35692596
17108,97.34632111
17107,97.37054443
17106,97.35929108
17105,97.35033417
17104,97.36283875
17103,97.35948181
17102,97.36928558
17101,97.38506317
17100,97.37763977
17099,97.39730835
17098,97.37664795
17097,97.37444305
17096,97.39880371
17095,97.39846802
17094,97.40692902
17093,97.39855194
17092,97.40478516
17091,97.40659332
17090,97.41856384
17089,97.40917206
17088,97.41473389
17087,97.4140625
17086,97.41017151
17085,97.42438507
17084,97.43693542
17083,97.43474579
17082,97.4382019
17081,97.43161011
17080,97.42912292
17079,97.43869019
17078,97.42538452
17077,97.44893646
17076,97.44838715
17075,97.4440918
17074,97.44885254
17073,97.44994354
17072,97.45444489
17071,97.46224213
17070,97.46520233
17069,97.45805359
17068,97.44856262
17067,97.46456909
17066,97.47930145
17065,97.48085785
17064,97.47231293
17063,97.47628784
17062,97.47098541
17061,97.47707367
17060,97.48007965
17059,97.48550415
17058,97.4912796
17057,97.483284
17056,97.48356628
17055,97.48797607
17054,97.49185181
17053,97.50193024
17052,97.495224
17051,97.49124146
17050,97.49465942
17049,97.49848938
17048,97.49727631
17047,97.49401093
17046,97.49137878
17045,97.50489807
17044,97.5041275
17043,97.50961304
17042,97.51563263
17041,97.51470947
17040,97.50785828
17039,97.52214813
17038,97.51506805
17037,97.51808929
17036,97.51447296
17035,97.49724579
17034,97.5153656
17033,97.50118256
17032,97.52109528
17031,97.51204681
17030,97.5206604
17029,97.51642609
17028,97.52091217
17027,97.49729919
17026,97.51415253
17025,97.51830292
17024,97.51045227
17023,97.5045929
17022,97.532341
17021,97.53411102
17020,97.54387665
17019,97.53742218
17018,97.52269745
17017,97.50082397
17016,97.52179718
17015,97.52133179
17014,97.5308609
17013,97.53238678
17012,97.52389526
17011,97.53125
17010,97.54366302
17009,97.51966095
17008,97.54176331
17007,97.51667023
17006,97.54981232
17005,97.55124664
17004,97.56201172
17003,97.54533386
17002,97.54064941
17001,97.54160309
17000,97.53556824
16999,97.54904938
16998,97.55869293
16997,97.55039978
16996,97.52852631
16995,97.54880524
16994,97.55460358
16993,97.56667328
16992,97.54389191
16991,97.5460968
16990,97.56341553
16989,97.55375671
16988,97.55980682
16987,97.56159973
16986,97.54816437
16985,97.54241943
16984,97.54611969
16983,97.54466248
16982,97.57552338
16981,97.56728363
16980,97.54944611
16979,97.54492188
16978,97.55704498
16977,97.56383514
16976,97.56208801
16975,97.55922699
16974,97.55974579
16973,97.55384064
16972,97.57623291
16971,97.56031799
16970,97.56332397
16969,97.56594086
16968,97.55742645
16967,97.56612396
16966,97.57577515
16965,97.56929779
16964,97.55859375
16963,97.56443787
16962,97.57086182
16961,97.57038116
16960,97.57769775
16959,97.59343719
16958,97.56660461
16957,97.56759644
16956,97.60070801
16955,97.58106995
16954,97.57868958
16953,97.57019043
16952,97.59963989
16951,97.59620667
16950,97.59357452
16949,97.58863831
16948,97.58240509
16947,97.56547546
16946,97.60667419
16945,97.59272003
16944,97.58647919
16943,97.61209106
16942,97.59050751
16941,97.59835815
16940,97.60491943
16939,97.5887146
16938,97.59170532
16937,97.57868958
16936,97.586586
16935,97.6204071
16934,97.62905884
16933,97.60799408
16932,97.62329102
16931,97.59832001
16930,97.61613464
16929,97.60979462
16928,97.61556244
16927,97.61735535
16926,97.62181854
16925,97.61664581
16924,97.64866638
16923,97.61811829
16922,97.60827637
16921,97.63143158
16920,97.63552094
16919,97.63525391
16918,97.62827301
16917,97.63168335
16916,97.63259125
16915,97.64446259
16914,97.65058899
16913,97.63757324
16912,97.62044525
16911,97.65281677
16910,97.65118408
16909,97.65639496
16908,97.64039612
16907,97.64272308
16906,97.64692688
16905,97.65492249
16904,97.65874481
16903,97.65419769
16902,97.66823578
16901,97.65592957
16900,97.67736816
16899,97.66868591
16898,97.67149353
16897,97.66970825
16896,97.66381836
16895,97.69743347
16894,97.67503357
16893,97.70094299
16892,97.68518066
16891,97.67990875
16890,97.69538879
16889,97.69893646
16888,97.68003845
16887,97.68517303
16886,97.70065308
16885,97.71344757
16884,97.70664978
16883,97.72181702
16882,97.70717621
16881,97.72734833
16880,97.72989655
16879,97.70946503
16878,97.71474457
16877,97.72452545
16876,97.72922516
16875,97.74006653
16874,97.73415375
16873,97.72783661
16872,97.72674561
16871,97.73852539
16870,97.74027252
16869,97.73252869
16868,97.75970459
16867,97.74016571
16866,97.75882721
16865,97.7638092
16864,97.74828339
16863,97.74738312
16862,97.75328064
16861,97.76620483
16860,97.76678467
16859,97.76460266
16858,97.76857758
16857,97.77416229
16856,97.77993774
16855,97.76584625
16854,97.76785278
16853,97.77721405
16852,97.78089142
16851,97.7962265
16850,97.78631592
16849,97.7943573
16848,97.79386139
16847,97.79440308
16846,97.80386353
16845,97.76631165
16844,97.78932953
16843,97.7780304
16842,97.81258392
16841,97.79602814
16840,97.80919647
16839,97.81932831
16838,97.81468964
16837,97.8099823
16836,97.81710052
16835,97.79018402
16834,97.81980896
16833,97.83081818
16832,97.83702087
16831,97.82498169
16830,97.80748749
16829,97.82118225
16828,97.82805634
16827,97.82811737
16826,97.82990265
16825,97.83288574
16824,97.83444214
16823,97.84159088
16822,97.84552765
16821,97.82798004
16820,97.83859253
16819,97.84222412
16818,97.83758545
16817,97.84918976
16816,97.84599304
16815,97.83972168
16814,97.85598755
16813,97.8502655
16812,97.85097504
16811,97.8502655
16810,97.85405731
16809,97.8661499
16808,97.84732819
16807,97.85827637
16806,97.84778595
16805,97.86186981
16804,97.86711121
16803,97.86303711
16802,97.86515045
16801,97.85588837
16800,97.87120819
16799,97.86444855
16798,97.86646271
16797,97.85941315
16796,97.86869049
16795,97.86743927
16794,97.86294556
16793,97.86416626
16792,97.86509705
16791,97.87899017
16790,97.87815857
16789,97.87142944
16788,97.86832428
16787,97.85126495
16786,97.88011932
16785,97.8655014
16784,97.88582611
16783,97.85818481
16782,97.87467957
16781,97.87865448
16780,97.86780548
16779,97.87815857
16778,97.86468506
16777,97.86141968
16776,97.85595703
16775,97.88005829
16774,97.86433411
16773,97.85882568
16772,97.85942078
16771,97.85984802
16770,97.8740921
16769,97.86465454
16768,97.86740875
16767,97.86895752
16766,97.87533569
16765,97.85817719
16764,97.86634827
16763,97.83895111
16762,97.85489655
16761,97.86397552
16760,97.8575058
16759,97.87574005
16758,97.85364532
16757,97.85247803
16756,97.86582184
16755,97.85726929
16754,97.85327148
16753,97.84615326
16752,97.86064148
16751,97.84942627
16750,97.86584473
16749,97.84261322
16748,97.84964752
16747,97.83625031
16746,97.84880066
16745,97.8506546
16744,97.85268402
16743,97.83906555
16742,97.83519745
16741,97.84145355
16740,97.84482574
16739,97.81796265
16738,97.84094238
16737,97.82209778
16736,97.8234024
16735,97.83201599
16734,97.82204437
16733,97.81669617
16732,97.80596161
16731,97.81654358
16730,97.82699585
16729,97.81326294
16728,97.79985046
16727,97.80101776
16726,97.81430054
16725,97.79142761
16724,97.79907227
16723,97.77453613
16722,97.78598022
16721,97.7702179
16720,97.79251862
16719,97.77861023
16718,97.77190399
16717,97.75228882
16716,97.75468445
16715,97.75769806
16714,97.7602005
16713,97.75901794
16712,97.7460556
16711,97.75991821
16710,97.75299072
16709,97.73304749
16708,97.72609711
16707,97.71227264
16706,97.73147583
16705,97.72122192
16704,97.72480774
16703,97.70573425
16702,97.70169067
16701,97.70034027
16700,97.69581604
16699,97.68575287
16698,97.69618988
16697,97.69300079
16696,97.69512939
16695,97.69494629
16694,97.69070435
16693,97.66584015
16692,97.66481018
16691,97.64685059
16690,97.6672287
16689,97.6629715
16688,97.63707733
16687,97.64515686
16686,97.63446808
16685,97.63263702
16684,97.62442017
16683,97.6138382
16682,97.60653687
16681,97.61582947
16680,97.60985565
16679,97.60469055
16678,97.60267639
16677,97.56639099
16676,97.56620789
16675,97.57274628
16674,97.58188629
16673,97.55671692
16672,97.55996704
16671,97.53336334
16670,97.55566406
16669,97.53812408
16668,97.52810669
16667,97.51996613
16666,97.50199127
16665,97.51057434
16664,97.49668884
16663,97.52440643
16662,97.48599243
16661,97.48582458
16660,97.47354126
16659,97.48996735
16658,97.4665451
16657,97.45811462
16656,97.44486237
16655,97.451828
16654,97.45848846
16653,97.4303894
16652,97.43544006
16651,97.41265106
16650,97.41662598
16649,97.39641571
16648,97.40196228
16647,97.38967133
16646,97.40065765
16645,97.36768341
16644,97.37214661
16643,97.38002777
16642,97.33621979
16641,97.34879303
16640,97.33114624
16639,97.3298645
16638,97.32811737
16637,97.30832672
16636,97.31549072
16635,97.29645538
16634,97.31005096
16633,97.28376007
16632,97.28646088
16631,97.26277924
16630,97.26446533
16629,97.27436829
16628,97.26866913
16627,97.23890686
16626,97.24240112
16625,97.20727539
16624,97.24269867
16623,97.21154785
16622,97.21140289
16621,97.1965332
16620,97.19690704
16619,97.18985748
16618,97.18360138
16617,97.17024994
16616,97.13996124
16615,97.14781952
16614,97.13972473
16613,97.15782928
16612,97.13539124
16611,97.12397766
16610,97.11379242
16609,97.11185455
16608,97.10729218
16607,97.10843658
16606,97.07865143
16605,97.08735657
16604,97.07852936
16603,97.08152771
16602,97.06988525
16601,97.05143738
16600,97.02381897
16599,97.02605438
16598,97.02462769
16597,97.02694702
16596,97.01994324
16595,97.01876068
16594,96.99106598
16593,97.00670624
16592,96.99952698
16591,96.97162628
16590,96.96969604
16589,96.96575165
16588,96.96477509
16587,96.95881653
16586,96.95909882
16585,96.93365479
16584,96.91783142
16583,96.90973663
16582,96.91959381
16581,96.92250824
16580,96.90850067
16579,96.90118408
16578,96.88301086
16577,96.88733673
16576,96.8804245
16575,96.86717224
16574,96.85871124
16573,96.85778809
16572,96.85762787
16571,96.84457397
16570,96.85572052
16569,96.82813263
16568,96.83480072
16567,96.81697845
16566,96.82394409
16565,96.81381989
16564,96.80588531
16563,96.79508972
16562,96.78887939
16561,96.79302216
16560,96.77700806
16559,96.77722168
16558,96.76383972
16557,96.7613678
16556,96.77680969
16555,96.76029968
16554,96.73406219
16553,96.73358917
16552,96.74840546
16551,96.73591614
16550,96.72875977
16549,96.73831177
16548,96.73301697
16547,96.72924805
16546,96.7283783
16545,96.70822906
16544,96.7171936
16543,96.70762634
16542,96.69465637
16541,96.68621063
16540,96.69038391
16539,96.68056488
16538,96.69480133
16537,96.67758942
16536,96.65320587
16535,96.66589355
16534,96.66764832
16533,96.67722321
16532,96.66081238
16531,96.65470123
16530,96.65744019
16529,96.64130402
16528,96.65258789
16527,96.64041138
16526,96.63672638
16525,96.63845825
16524,96.63010406
16523,96.61794281
16522,96.61436462
16521,96.63433075
16520,96.62162781
16519,96.63983917
16518,96.59975433
16517,96.60359955
16516,96.62605286
16515,96.61627197
16514,96.61800385
16513,96.60397339
16512,96.5929718
16511,96.60827637
16510,96.60076141
16509,96.61012268
16508,96.59706116
16507,96.59781647
16506,96.58552551
16505,96.60404968
16504,96.59356689
16503,96.58872986
16502,96.58320618
16501,96.57861328
16500,96.58434296
16499,96.5874176
16498,96.60163879
16497,96.59692383
16496,96.57512665
16495,96.57861328
16494,96.58676147
16493,96.5884552
16492,96.59065247
16491,96.57398224
16490,96.57898712
16489,96.57246399
16488,96.56247711
16487,96.59050751
16486,96.57970428
16485,96.58330536
16484,96.57326508
16483,96.5813446
16482,96.58889771
16481,96.57692719
16480,96.56621552
16479,96.56974792
16478,96.56136322
16477,96.56694031
16476,96.58125305
16475,96.58424377
16474,96.57152557
16473,96.58125305
16472,96.57368469
16471,96.59128571
16470,96.58332825
16469,96.57688141
16468,96.60232544
16467,96.56945038
16466,96.57147217
16465,96.57875061
16464,96.57689667
16463,96.58046722
16462,96.57949066
16461,96.57162476
16460,96.59239197
16459,96.59343719
16458,96.58686829
16457,96.58678436
16456,96.58511353
16455,96.59758759
16454,96.59788513
16453,96.59304047
16452,96.58416748
16451,96.60845184
16450,96.58985901
16449,96.6072464
16448,96.6067276
16447,96.59906769
16446,96.60520935
16445,96.60368347
16444,96.63039398
16443,96.6184082
16442,96.62619019
16441,96.628479
16440,96.62586975
16439,96.63171387
16438,96.64043427
16437,96.62857056
16436,96.6368866
16435,96.62798309
16434,96.64376068
16433,96.64283752
16432,96.65606689
16431,96.65789032
16430,96.64138794
16429,96.64987183
16428,96.64533997
16427,96.66889191
16426,96.66945648
16425,96.67176056
16424,96.66479492
16423,96.67515564
16422,96.67997742
16421,96.67324829
16420,96.6865387
16419,96.67178345
16418,96.68740845
16417,96.68716431
16416,96.68997192
16415,96.68527985
16414,96.68960571
16413,96.69346619
16412,96.69759369
16411,96.72396088
16410,96.7201004
16409,96.72018433
16408,96.71695709
16407,96.72290039
16406,96.72237396
16405,96.73725128
16404,96.73241425
16403,96.73583221
16402,96.72995758
16401,96.75410461
16400,96.75707245
16399,96.75847626
16398,96.73645782
16397,96.75941467
16396,96.7480011
16395,96.77047729
16394,96.76525879
16393,96.77915955
16392,96.7658844
16391,96.76864624
16390,96.78313446
16389,96.7971344
16388,96.79957581
16387,96.79525757
16386,96.80271149
16385,96.80938721
16384,96.79792786
16383,96.83120728
16382,96.81802368
16381,96.82460785
16380,96.82920837
16379,96.82848358
16378,96.84819794
16377,96.84857178
16376,96.8468399
16375,96.84054565
16374,96.86177063
16373,96.85877228
16372,96.86274719
16371,96.86435699
16370,96.8574295
16369,96.87446594
16368,96.88602448
16367,96.90201569
16366,96.88479614
16365,96.87465668
16364,96.88993835
16363,96.8951416
16362,96.91124725
16361,96.91963959
16360,96.9161911
16359,96.91486359
16358,96.91847229
16357,96.92008972
16356,96.92321777
16355,96.93251038
16354,96.93923187
16353,96.95152283
16352,96.94473267
16351,96.95249176
16350,96.95904541
16349,96.94916534
16348,96.94839478
16347,96.95912933
16346,96.9671936
16345,96.98553467
16344,96.96152496
16343,96.98673248
16342,96.96389771
16341,96.98503876
16340,96.98455048
16339,96.98519135
16338,97.00100708
16337,97.00439453
16336,96.99879456
16335,97.00624847
16334,97.01034546
16333,97.01704407
16332,97.01408386
16331,97.02435303
16330,97.02013397
16329,97.03695679
16328,97.03575897
16327,97.03031921
16326,97.03586578
16325,97.02697754
16324,97.045578
16323,97.05532837
16322,97.05778503
16321,97.05458069
16320,97.04551697
16319,97.07534027
16318,97.06187439
16317,97.06517792
16316,97.0765686
16315,97.08109283
16314,97.0827713
16313,97.0834198
16312,97.08111572
16311,97.08563995
16310,97.08073425
16309,97.090271
16308,97.09073639
16307,97.11700439
16306,97.11865234
16305,97.11432648
16304,97.10967255
16303,97.11323547
16302,97.12690735
16301,97.12658691
16300,97.13934326
16299,97.13531494
16298,97.13267517
16297,97.14102173
16296,97.1498642
16295,97.14505005
16294,97.14567566
16293,97.15750122
16292,97.16133118
16291,97.15964508
16290,97.18171692
16289,97.15588379
16288,97.17389679
16287,97.17285919
16286,97.18264008
16285,97.20285797
16284,97.19855499
16283,97.19207001
16282,97.19297791
16281,97.19673157
16280,97.21077728
16279,97.22163391
16278,97.21321869
16277,97.21865845
16276,97.21640778
16275,97.21005249
16274,97.23738098
16273,97.22544861
16272,97.22645569
16271,97.24082184
16270,97.23753357
16269,97.26571655
16268,97.24819946
16267,97.25563812
16266,97.23804474
16265,97.26248169
16264,97.26299286
16263,97.27555847
16262,97.28105927
16261,97.26659393
16260,97.28749084
16259,97.27775574
16258,97.29226685
16257,97.28620911
16256,97.28094482
16255,97.30329895
16254,97.29318237
16253,97.31658173
16252,97.29569244
16251,97.29098511
16250,97.30645752
16249,97.31277466
16248,97.33104706
16247,97.32303619
16246,97.33023834
16245,97.32215881
16244,97.32084656
16243,97.34442139
16242,97.33535004
16241,97.3297348
16240,97.34285736
16239,97.35784149
16238,97.33718872
16237,97.36978149
16236,97.35086823
16235,97.34915924
16234,97.37481689
16233,97.37015533
16232,97.37850189
16231,97.36283112
16230,97.36248016
16229,97.38288879
16228,97.36547089
16227,97.38414001
16226,97.36367798
16225,97.38100433
16224,97.38035583
16223,97.39731598
16222,97.38761139
16221,97.39022827
16220,97.37993622
16219,97.3715744
16218,97.39095306
16217,97.39977264
16216,97.42986298
16215,97.41677094
16214,97.39718628
16213,97.41261292
16212,97.42093658
16211,97.3983078
16210,97.40604401
16209,97.41146851
16208,97.42350006
16207,97.41228485
16206,97.41413879
16205,97.41724396
16204,97.41415405
16203,97.42612457
16202,97.42536926
16201,97.4183197
16200,97.42558289
16199,97.43058777
16198,97.42910004
16197,97.41464996
16196,97.41312408
16195,97.4107666
16194,97.43527222
16193,97.42346191
16192,97.44032288
16191,97.42631531
16190,97.43302917
16189,97.43618011
16188,97.45135498
16187,97.43058777
16186,97.44158936
16185,97.43344116
16184,97.45127869
16183,97.44199371
16182,97.44460297
16181,97.44328308
16180,97.42920685
16179,97.46255493
16178,97.43848419
16177,97.46388245
16176,97.44844818
16175,97.45938873
16174,97.45561218
16173,97.45948029
16172,97.44454956
16171,97.45214844
16170,97.4464035
16169,97.46495056
16168,97.46060181
16167,97.44705963
16166,97.45721436
16165,97.45140076
16164,97.44891357
16163,97.45462799
16162,97.45315552
16161,97.4535141
16160,97.44062805
16159,97.44538116
16158,97.46122742
16157,97.45353699
16156,97.43043518
16155,97.45530701
16154,97.44878387
16153,97.4245224
16152,97.45402527
16151,97.43283081
16150,97.43959808
16149,97.47563934
16148,97.45626831
16147,97.44259644
16146,97.44432068
16145,97.44626617
16144,97.47642517
16143,97.44526672
16142,97.44700623
16141,97.45301819
16140,97.4519043
16139,97.45468903
16138,97.44210052
16137,97.42922211
16136,97.42629242
16135,97.46168518
16134,97.45966339
16133,97.44631195
16132,97.43235016
16131,97.4544754
16130,97.42173767
16129,97.45817566
16128,97.42647552
16127,97.42356873
16126,97.43679047
16125,97.43605042
16124,97.4460907
16123,97.42315674
16122,97.42475891
16121,97.4085083
16120,97.43001556
16119,97.42201996
16118,97.4201355
16117,97.43187714
16116,97.41744995
16115,97.4168396
16114,97.44182587
16113,97.40342712
16112,97.42160797
16111,97.42002869
16110,97.43572998
16109,97.43090057
16108,97.4116745
16107,97.40591431
16106,97.42038727
16105,97.4052887
16104,97.41103363
16103,97.41165161
16102,97.39283752
16101,97.39659119
16100,97.41153717
16099,97.38407898
16098,97.40228271
16097,97.38304901
16096,97.41307831
16095,97.39110565
16094,97.41377258
16093,97.38046265
16092,97.39057159
16091,97.36437225
16090,97.40055847
16089,97.37689209
16088,97.38648987
16087,97.37944031
16086,97.37841797
16085,97.39045715
16084,97.36864471
16083,97.36379242
16082,97.35037994
16081,97.36385345
16080,97.36174011
16079,97.37441254
16078,97.36400604
16077,97.36286163
16076,97.3583374
16075,97.36220551
16074,97.35716248
16073,97.34681702
16072,97.34920502
16071,97.36779022
16070,97.34218597
16069,97.33855438
16068,97.32761383
16067,97.34242249
16066,97.34596252
16065,97.33335114
16064,97.3423233
16063,97.32019806
16062,97.32194519
16061,97.32563019
16060,97.33008575
16059,97.3118515
16058,97.30796051
16057,97.32484436
16056,97.30145264
16055,97.30871582
16054,97.29225159
16053,97.28070831
16052,97.29933167
16051,97.27824402
16050,97.31201935
16049,97.28074646
16048,97.28496552
16047,97.26168823
16046,97.27976227
16045,97.25654602
16044,97.28822327
16043,97.25836182
16042,97.27683258
16041,97.277771
16040,97.27389526
16039,97.26747131
16038,97.26411438
16037,97.25991058
16036,97.25701904
16035,97.23482513
16034,97.24620056
16033,97.24394226
16032,97.24384308
16031,97.25540924
16030,97.23760986
16029,97.21825409
16028,97.22805786
16027,97.21507263
16026,97.22825623
16025,97.2155838
16024,97.21770477
16023,97.23612213
16022,97.21445465
16021,97.207901
16020,97.18487549
16019,97.1969986
16018,97.19512177
16017,97.21913147
16016,97.19829559
16015,97.19787598
16014,97.18865204
16013,97.19154358
16012,97.17901611
16011,97.16257477
16010,97.17205811
16009,97.17564392
16008,97.16873169
16007,97.1717453
16006,97.15065002
16005,97.1554184
16004,97.15674591
16003,97.15283203
16002,97.14182281
16001,97.15398407
16000,97.13406372
15999,97.16333771
15998,97.12007141
15997,97.11798096
15996,97.12333679
15995,97.13347626
15994,97.12935638
15993,97.11210632
15992,97.1132431
15991,97.11602783
15990,97.1121521
15989,97.11225891
15988,97.10308075
15987,97.09380341
15986,97.09187317
15985,97.11695862
15984,97.10574341
15983,97.09396362
15982,97.08579254
15981,97.10977173
15980,97.07474518
15979,96.93945313
15978,97.09259796
15977,97.08097839
15976,97.0619278
15975,97.09561157
15974,97.03620911
15973,97.06077576
15972,97.04743958
15971,97.06790161
15970,97.04692078
15969,97.04016876
15968,97.0646286
15967,97.04142761
15966,97.03797913
15965,97.02220154
15964,97.05070496
15963,97.0464859
15962,97.02111816
15961,97.02661133
15960,97.0061264
15959,97.0329361
15958,97.01825714
15957,97.00940704
15956,96.98897552
15955,97.01615906
15954,96.98931885
15953,96.99125671
15952,97.00152588
15951,96.99443054
15950,96.99089813
15949,96.98464966
15948,96.97519684
15947,96.95871735
15946,96.98258972
15945,96.95956421
15944,96.97007751
15943,96.95735168
15942,96.97328186
15941,96.9475174
15940,96.95217133
15939,96.93042755
15938,96.95320892
15937,96.95185089
15936,96.9475708
15935,96.94784546
15934,96.92313385
15933,96.9240036
15932,96.93357849
15931,96.9212265
15930,96.90232849
15929,96.91749573
15928,96.90504456
15927,96.9151535
15926,96.90296936
15925,96.89471436
15924,96.91052246
15923,96.89479828
15922,96.88002014
15921,96.88128662
15920,96.89212036
15919,96.89669037
15918,96.88818359
15917,96.86877441
15916,96.8655014
15915,96.87438965
15914,96.88591003
15913,96.86846161
15912,96.86249542
15911,96.87465668
15910,96.86206055
15909,96.87580109
15908,96.84267426
15907,96.84849548
15906,96.86151123
15905,96.86291504
15904,96.82730103
15903,96.85249329
15902,96.84716034
15901,96.85774231
15900,96.83699036
15899,96.83176422
15898,96.83874512
15897,96.83538055
15896,96.84721375
15895,96.83020782
15894,96.82171631
15893,96.81982422
15892,96.8403244
15891,96.78773499
15890,96.81101227
15889,96.84057617
15888,96.81971741
15887,96.79956055
15886,96.813591
15885,96.81572723
15884,96.80259705
15883,96.81975555
15882,96.80562592
15881,96.80506134
15880,96.81381226
15879,96.81974792
15878,96.77839661
15877,96.81256866
15876,96.79191589
15875,96.7538681
15874,96.7889328
15873,96.77622223
15872,96.79788971
15871,96.79110718
15870,96.76779175
15869,96.78192902
15868,96.80408478
15867,96.80342102
15866,96.77978516
15865,96.76094055
15864,96.76168823
15863,96.78678894
15862,96.76948547
15861,96.75721741
15860,96.72998047
15859,96.74092102
15858,96.75720215
15857,96.77246857
15856,96.74167633
15855,96.76457977
15854,96.758255
15853,96.74101257
15852,96.75530243
15851,96.74614716
15850,96.76257324
15849,96.73324585
15848,96.72699738
15847,96.73947144
15846,96.72602844
15845,96.7388916
15844,96.73020172
15843,96.73551178
15842,96.74871826
15841,96.73757172
15840,96.71918488
15839,96.71514893
15838,96.7244339
15837,96.74055481
15836,96.70574951
15835,96.71961212
15834,96.7167511
15833,96.73580933
15832,96.69833374
15831,96.71531677
15830,96.70425415
15829,96.71074677
15828,96.7075119
15827,96.70796204
15826,96.69933319
15825,96.71803284
15824,96.70165253
15823,96.67588806
15822,96.67863464
15821,96.69599152
15820,96.68234253
15819,96.6881485
15818,96.68214417
15817,96.68874359
15816,96.7014389
15815,96.69643402
15814,96.67285919
15813,96.66220093
15812,96.68534851
15811,96.67048645
15810,96.66212463
15809,96.67152405
15808,96.6776886
15807,96.66869354
15806,96.66136932
15805,96.65537262
15804,96.67179108
15803,96.6735611
15802,96.63978577
15801,96.65718079
15800,96.65185547
15799,96.65823364
15798,96.65436554
15797,96.65496063
15796,96.64967346
15795,96.65242767
15794,96.6415329
15793,96.6373291
15792,96.64357758
15791,96.67501068
15790,96.64020538
15789,96.64405823
15788,96.61495972
15787,96.63300323
15786,96.63795471
15785,96.6089859
15784,96.63398743
15783,96.62176514
15782,96.64321899
15781,96.61389923
15780,96.61077118
15779,96.6184845
15778,96.62561035
15777,96.61127472
15776,96.60269928
15775,96.60492706
15774,96.61518097
15773,96.60714722
15772,96.55001068
15771,96.49835968
15770,96.69782257
15769,96.63319397
15768,96.61868286
15767,96.5990448
15766,96.59009552
15765,96.62326813
15764,96.62052155
15763,96.59449005
15762,96.5798111
15761,96.59690857
15760,96.60139465
15759,96.59781647
15758,96.59814453
15757,96.57654572
15756,96.59490967
15755,96.58748627
15754,96.56822968
15753,96.58506775
15752,96.58850098
15751,96.56751251
15750,96.59384918
15749,96.57584381
15748,96.59040833
15747,96.55886078
15746,96.57554626
15745,96.56096649
15744,96.60440063
15743,96.56496429
15742,96.57754517
15741,96.57087708
15740,96.55462646
15739,96.56565094
15738,96.54168701
15737,96.5712738
15736,96.57427979
15735,96.58725739
15734,96.53689575
15733,96.55318451
15732,96.56144714
15731,96.54089355
15730,96.54062653
15729,96.55808258
15728,96.55368805
15727,96.55622864
15726,96.54568481
15725,96.524086
15724,96.55206299
15723,96.53133392
15722,96.53515625
15721,96.52680969
15720,96.54634857
15719,96.54515076
15718,96.54119873
15717,96.54592896
15716,96.53203583
15715,96.51839447
15714,96.52336121
15713,96.53474426
15712,96.5327301
15711,96.52057648
15710,96.5263443
15709,96.52592468
15708,96.52143097
15707,96.47439575
15706,96.49365234
15705,96.509758
15704,96.51976013
15703,96.50373077
15702,96.50746918
15701,96.5160675
15700,96.51482391
15699,96.49247742
15698,96.50553894
15697,96.50591278
15696,96.49333954
15695,96.50392914
15694,96.4967804
15693,96.49902344
15692,96.50210571
15691,96.47683716
15690,96.43588257
15689,96.49131775
15688,96.49211121
15687,96.46681213
15686,96.49513245
15685,96.47766113
15684,96.48466492
15683,96.46443176
15682,96.44939423
15681,96.46672058
15680,96.4736557
15679,96.43321228
15678,96.46395111
15677,96.46525574
15676,96.46973419
15675,96.44868469
15674,96.4348526
15673,96.45142365
15672,96.43173218
15671,96.45962524
15670,96.45140839
15669,96.45558929
15668,96.4363327
15667,96.43375397
15666,96.42785645
15665,96.43491364
15664,96.43196106
15663,96.41888428
15662,96.43323517
15661,96.42250824
15660,96.41941833
15659,96.41243744
15658,96.41809082
15657,96.39090729
15656,96.37572479
15655,96.39395142
15654,96.41355133
15653,96.4155426
15652,96.39833069
15651,96.37688446
15650,96.40688324
15649,96.38885498
15648,96.38788605
15647,96.37646484
15646,96.38407898
15645,96.3793335
15644,96.37008667
15643,96.37520599
15642,96.37724304
15641,96.36160278
15640,96.35333252
15639,96.33163452
15638,96.35120392
15637,96.34877014
15636,96.35571289
15635,96.34931946
15634,96.33998108
15633,96.34387207
15632,96.31700134
15631,96.32546997
15630,96.33187103
15629,96.31221008
15628,96.31797791
15627,96.33321381
15626,96.30870819
15625,96.30042267
15624,96.28961945
15623,96.30450439
15622,96.29496002
15621,96.28705597
15620,96.28962708
15619,96.29000854
15618,96.28179932
15617,96.26825714
15616,96.27787018
15615,96.26108551
15614,96.25387573
15613,96.24406433
15612,96.24791718
15611,96.23877716
15610,96.24015045
15609,96.22918701
15608,96.24200439
15607,96.22773743
15606,96.22457123
15605,96.21798706
15604,96.22315216
15603,96.18823242
15602,96.1937027
15601,96.21075439
15600,96.20888519
15599,96.20002747
15598,96.17963409
15597,96.18906403
15596,96.18652344
15595,96.169487
15594,96.16848755
15593,96.15555573
15592,96.1740036
15591,96.14234924
15590,96.15353394
15589,96.14673615
15588,96.13977051
15587,96.133461
15586,96.14160156
15585,96.12404633
15584,96.1281662
15583,96.12657166
15582,96.13444519
15581,96.10831451
15580,96.10092926
15579,96.07667542
15578,96.09197998
15577,96.09414673
15576,96.07818604
15575,96.09428406
15574,96.07820129
15573,96.06435394
15572,96.0619812
15571,96.05352783
15570,96.04714203
15569,96.04190826
15568,96.04031372
15567,96.0480423
15566,96.02546692
15565,96.01843262
15564,96.01750946
15563,96.03365326
15562,96.00393677
15561,96.00300598
15560,96.01848602
15559,96.02433777
15558,95.99269104
15557,95.98365784
15556,96.0062561
15555,95.9541626
15554,95.97863007
15553,95.97181702
15552,95.97020721
15551,95.96457672
15550,95.9551239
15549,95.96564484
15548,95.94983673
15547,95.93616486
15546,95.9295578
15545,95.94129944
15544,95.93498993
15543,95.91269684
15542,95.90131378
15541,96.02583313
15540,95.91026306
15539,95.89864349
15538,95.81406403
15537,95.87200928
15536,95.92514038
15535,95.86309052
15534,95.90101624
15533,95.87757111
15532,95.86538696
15531,95.86100006
15530,95.86515045
15529,95.85002899
15528,95.83979797
15527,95.85019684
15526,95.8345108
15525,95.83944702
15524,95.82324982
15523,95.82501984
15522,95.82239532
15521,95.79239655
15520,95.80272675
15519,95.81903839
15518,95.81480408
15517,95.81621552
15516,95.79575348
15515,95.79366302
15514,95.7963562
15513,95.77812195
15512,95.76802826
15511,95.77365875
15510,95.78539276
15509,95.76224518
15508,95.7723999
15507,95.76197815
15506,95.74877167
15505,95.73774719
15504,95.73647308
15503,95.74694824
15502,95.72397614
15501,95.75392914
15500,95.71356964
15499,95.74095917
15498,95.71640778
15497,95.70697784
15496,95.72463989
15495,95.70352173
15494,95.68893433
15493,95.71576691
15492,95.7050705
15491,95.70149994
15490,95.66700745
15489,95.68814087
15488,95.68730927
15487,95.6608429
15486,95.65372467
15485,95.73123169
15484,95.66611481
15483,95.65029907
15482,95.64583588
15481,95.65752411
15480,95.6513443
15479,95.65020752
15478,95.63964844
15477,95.65608978
15476,95.64342499
15475,95.62626648
15474,95.63737488
15473,95.62834167
15472,95.63085175
15471,95.61947632
15470,95.64873505
15469,95.41548157
15468,95.73654175
15467,95.66737366
15466,95.54817963
15465,95.63176727
15464,95.5554657
15463,95.61738586
15462,95.60498047
15461,95.58635712
15460,95.58480835
15459,95.58441925
15458,95.58388519
15457,95.56967926
15456,95.57906342
15455,95.58049774
15454,95.57550812
15453,95.60198975
15452,95.56724548
15451,95.57033539
15450,95.30839539
15449,94.88122559
15448,95.22073364
15447,95.93497467
15446,95.63613892
15445,95.44842529
15444,95.64056396
15443,95.50082397
15442,95.54891968
15441,95.53697968
15440,95.54683685
15439,95.58222961
15438,95.80328369
15437,95.61510468
15436,95.32607269
15435,95.35823059
15434,95.52326202
15433,95.68128204
15432,95.59031677
15431,95.51042938
15430,95.46564484
15429,95.41307068
15428,95.59201813
15427,95.51210785
15426,95.55771637
15425,95.50946045
15424,95.41296387
15423,95.64321136
15422,95.55534363
15421,95.35282135
15420,95.53890991
15419,95.49555206
15418,95.50401306
15417,95.521492
15416,95.4879837
15415,95.54143524
15414,95.50883484
15413,95.50608063
15412,95.48588562
15411,95.49752808
15410,95.46855164
15409,95.49595642
15408,95.49504852
15407,95.48119354
15406,95.50627899
15405,95.50414276
15404,95.4635849
15403,95.48532104
15402,95.50613403
15401,95.48413086
15400,95.50665283
15399,95.48350525
15398,95.49525452
15397,95.49169922
15396,95.48794556
15395,95.4892807
15394,95.50398254
15393,95.48657227
15392,95.49945831
15391,95.50798035
15390,95.4967041
15389,95.49365234
15388,95.49073792
15387,95.49409485
15386,95.48230743
15385,95.50167084
15384,95.49864197
15383,95.50640106
15382,95.49145508
15381,95.50831604
15380,95.48745728
15379,95.52230835
15378,95.49166107
15377,95.51703644
15376,95.50868988
15375,95.50012207
15374,95.50886536
15373,95.52230072
15372,95.50081635
15371,95.5114975
15370,95.50447083
15369,95.50779724
15368,95.49910736
15367,95.53951263
15366,95.50969696
15365,95.51763916
15364,95.50899506
15363,95.52563477
15362,95.54873657
15361,95.48161316
15360,95.5430603
15359,95.50629425
15358,95.54033661
15357,95.51405334
15356,95.50970459
15355,95.5658493
15354,95.49482727
15353,95.56887054
15352,95.51631927
15351,95.53595734
15350,95.53092957
15349,95.54857635
15348,95.51667786
15347,95.53435516
15346,95.5480957
15345,95.53070068
15344,95.55064392
15343,95.54827118
15342,95.56064606
15341,95.56565094
15340,95.56364441
15339,95.56022644
15338,95.5574646
15337,95.54457855
15336,95.57221222
15335,95.56028748
15334,95.55197906
15333,95.58698273
15332,95.57440948
15331,95.56900024
15330,95.57569885
15329,95.57858276
15328,95.56490326
15327,95.57807159
15326,95.58709717
15325,95.58055115
15324,95.57618713
15323,95.57978058
15322,95.58805084
15321,95.56787872
15320,95.59480286
15319,95.59327698
15318,95.59618378
15317,95.59430695
15316,95.61078644
15315,95.58908844
15314,95.58955383
15313,95.60160828
15312,95.60567474
15311,95.58905029
15310,95.6313858
15309,95.60565186
15308,95.59924316
15307,95.60057831
15306,95.60292816
15305,95.65452576
15304,95.55388641
15303,95.65657043
15302,95.59746552
15301,95.62541199
15300,95.63237
15299,95.6077652
15298,95.62657166
15297,95.6166153
15296,95.63391113
15295,95.61732483
15294,95.63291931
15293,95.63212585
15292,95.63951111
15291,95.6186676
15290,95.63280487
15289,95.62762451
15288,95.63414764
15287,95.63652039
15286,95.64444733
15285,95.64370728
15284,95.64087677
15283,95.64642334
15282,95.64296722
15281,95.62515259
15280,95.64588165
15279,95.64649963
15278,95.63401031
15277,95.65862274
15276,95.64346313
15275,95.64940643
15274,95.63031769
15273,95.65080261
15272,95.64611816
15271,95.64154816
15270,95.66309357
15269,95.66959381
15268,95.6505661
15267,95.67235565
15266,95.66750336
15265,95.65273285
15264,95.63096619
15263,95.65827942
15262,95.65364838
15261,95.64256287
15260,95.66082001
15259,95.65353394
15258,95.65206909
15257,95.66414642
15256,95.67155457
15255,95.64951324
15254,95.66210938
15253,95.66181946
15252,95.64522552
15251,95.66059875
15250,95.65618134
15249,95.67234802
15248,95.64613342
15247,95.66815186
15246,95.67125702
15245,95.64666748
15244,95.66074371
15243,95.66118622
15242,95.65079498
15241,95.66692352
15240,95.66882324
15239,95.66609192
15238,95.65467072
15237,95.66609192
15236,95.66316223
15235,95.64370728
15234,95.66992188
15233,95.65574646
15232,95.65068054
15231,95.67671967
15230,95.66210938
15229,95.64840698
15228,95.65319061
15227,95.65814972
15226,95.65458679
15225,95.66149902
15224,95.67002106
15223,95.65702057
15222,95.64770508
15221,95.65792847
15220,95.63853455
15219,95.65837097
15218,95.63758087
15217,95.6594162
15216,95.63433075
15215,95.6582489
15214,95.64583588
15213,95.63108826
15212,95.65724182
15211,95.63490295
15210,95.63270569
15209,95.64359283
15208,95.64749908
15207,95.61390686
15206,95.63976288
15205,95.63445282
15204,95.61654663
15203,95.6267395
15202,95.64569092
15201,95.59455872
15200,95.66242218
15199,95.61740875
15198,95.6279068
15197,95.59898376
15196,95.61141205
15195,95.61382294
15194,95.59018707
15193,95.62769318
15192,95.6078186
15191,95.61545563
15190,95.61027527
15189,95.59494781
15188,95.58621979
15187,95.60603333
15186,95.60114288
15185,95.60256958
15184,95.59343719
15183,95.56700134
15182,95.58559418
15181,95.58657074
15180,95.5858078
15179,95.5664444
15178,95.57450104
15177,95.58747101
15176,95.56507111
15175,95.56748962
15174,95.55046844
15173,95.5431366
15172,95.56473541
15171,95.55105591
15170,95.53475952
15169,95.54480743
15168,95.56236267
15167,95.53694153
15166,95.52774811
15165,95.54885864
15164,95.53910828
15163,95.51444244
15162,95.52609253
15161,95.49959564
15160,95.5019989
15159,95.50559235
15158,95.51204681
15157,95.49748993
15156,95.47913361
15155,95.48190308
15154,95.48154449
15153,95.47866821
15152,95.46224213
15151,95.45637512
15150,95.45726776
15149,95.44641876
15148,95.43312836
15147,95.44801331
15146,95.43810272
15145,95.40465546
15144,95.42857361
15143,95.42110443
15142,95.4045639
15141,95.39924622
15140,95.37711334
15139,95.36308289
15138,95.37905121
15137,95.36003876
15136,95.35346222
15135,95.33499908
15134,95.32841492
15133,95.32832336
15132,95.31465149
15131,95.30052948
15130,95.29932404
15129,95.28424072
15128,95.26734161
15127,95.26309967
15126,95.26503754
15125,95.24473572
15124,95.22869873
15123,95.2226944
15122,95.21677399
15121,95.20750427
15120,95.19526672
15119,95.18497467
15118,95.16584015
15117,95.15584564
15116,95.15185547
15115,95.11147308
15114,95.12643433
15113,95.08874512
15112,95.07730865
15111,95.08039093
15110,95.06788635
15109,95.02655029
15108,95.02259064
15107,95.03083038
15106,94.98616791
15105,94.98593903
15104,94.96466827
15103,94.92338562
15102,94.92964935
15101,94.90338898
15100,94.88486481
15099,94.87168884
15098,94.84856415
15097,94.8120575
15096,94.81900024
15095,94.79409027
15094,94.76594543
15093,94.74152374
15092,94.71973419
15091,94.69529724
15090,94.67706299
15089,94.65194702
15088,94.63069916
15087,94.59838867
15086,94.58769989
15085,94.54787445
15084,94.51490021
15083,94.49604797
15082,94.4707489
15081,94.44130707
15080,94.41445923
15079,94.38393402
15078,94.34794617
15077,94.33332062
15076,94.2717514
15075,94.25306702
15074,94.22756195
15073,94.18216705
15072,94.15496826
15071,94.08689117
15070,94.07331848
15069,94.05072021
15068,93.98622894
15067,93.93551636
15066,93.92214203
15065,93.87276459
15064,93.82695007
15063,93.7803421
15062,93.74956512
15061,93.7027359
15060,93.64305115
15059,93.60725403
15058,93.52879333
15057,93.51281738
15056,93.452034
15055,93.3259964
15054,93.31730652
15053,93.26354218
15052,93.2172699
15051,93.15921021
15050,93.08852386
15049,93.03503418
15048,92.97742462
15047,92.89838409
15046,92.80906677
15045,92.7905426
15044,92.69247437
15043,92.63256836
15042,92.53629303
15041,92.47228241
15040,92.41138458
15039,92.31504059
15038,92.25527191
15037,92.12666321
15036,92.08770752
15035,91.98764038
15034,91.91729736
15033,91.81591034
15032,91.69689941
15031,91.63191986
15030,91.53322601
15029,91.45397186
15028,91.30888367
15027,91.24839783
15026,91.12705231
15025,91.02214813
15024,90.90770721
15023,90.78122711
15022,90.70007324
15021,90.56890869
15020,90.41091156
15019,90.28948212
15018,90.20082092
15017,90.06687164
15016,89.93476868
15015,89.78404999
15014,89.67314148
15013,89.53460693
15012,89.38737488
15011,89.2148819
15010,89.0650177
15009,88.9164505
15008,88.75518036
15007,88.58912659
15006,88.43951416
15005,88.27360535
15004,88.1166153
15003,87.91428375
15002,87.72052002
15001,87.5921402
15000,87.39764404
14999,87.2147522
14998,87.0069809
14997,86.81781769
14996,86.64282227
14995,86.4506073
14994,86.19116211
14993,85.99830627
14992,85.80406952
14991,85.56629181
14990,85.31987762
14989,85.08664703
14988,84.88942719
14987,84.6844101
14986,84.42932129
14985,84.13751221
14984,83.93843079
14983,83.70523834
14982,83.43549347
14981,83.15507507
14980,82.90388489
14979,82.65559387
14978,82.39306641
14977,82.03488922
14976,81.77449799
14975,81.5063858
14974,81.24176025
14973,80.95819855
14972,80.63860321
14971,80.33293152
14970,80.05489349
14969,79.7245636
14968,79.33423615
14967,79.05664063
14966,78.75753784
14965,78.43489075
14964,78.03940582
14963,77.69132233
14962,77.38594055
14961,77.06182861
14960,76.62073517
14959,76.24621582
14958,75.88764954
14957,75.56915283
14956,75.18733978
14955,74.71823883
14954,74.38311005
14953,74.02820587
14952,73.65184021
14951,73.17978668
14950,72.80911255
14949,72.43596649
14948,72.07683563
14947,71.59732056
14946,71.14372253
14945,70.78936005
14944,70.39665222
14943,69.93373871
14942,69.42771912
14941,69.00614166
14940,68.62493134
14939,68.20301819
14938,67.64253998
14937,67.22833252
14936,66.77977753
14935,66.36626434
14934,65.86032867
14933,65.36008453
14932,64.95394897
14931,64.52045441
14930,64.03172302
14929,63.44868088
14928,63.04003525
14927,62.59090424
14926,62.13093567
14925,61.49707031
14924,61.03159332
14923,60.61151123
14922,60.15122986
14921,59.53189087
14920,59.07073212
14919,58.58470917
14918,58.12327194
14917,57.59562302
14916,57.03495789
14915,56.58005905
14914,56.11250305
14913,55.59466553
14912,55.01855469
14911,54.54937363
14910,54.03592682
14909,53.57782364
14908,52.98205185
14907,52.42950439
14906,51.96448135
14905,51.51335144
14904,50.92855835
14903,50.33696365
14902,49.90571594
14901,49.44645309
14900,48.92594147
14899,48.33565903
14898,47.88189697
14897,47.42054749
14896,46.9813652
14895,46.36856461
14894,45.85839081
14893,45.39801025
14892,44.92772293
14891,44.36354446
14890,43.80221176
14889,43.30263519
14888,42.89183426
14887,42.37398529
14886,41.78340912
14885,41.36974335
14884,40.90993881
14883,40.4560318
14882,39.92943573
14881,39.45468521
14880,39.028965
14879,38.61211395
14878,38.06480026
14877,37.541008
14876,37.15869141
14875,36.7287941
14874,36.23316956
14873,35.68906784
14872,35.25801468
14871,34.85640717
14870,34.40427017
14869,33.87796021
14868,33.46046066
14867,33.02636719
14866,32.65548325
14865,32.17562103
14864,31.73340225
14863,31.35797119
14862,30.98304558
14861,30.53711128
14860,30.07312202
14859,29.71367264
14858,29.33698654
14857,28.94536591
14856,28.45002365
14855,28.0775547
14854,27.70586586
14853,27.34762192
14852,26.89951324
14851,26.51706696
14850,26.19525528
14849,25.85112762
14848,25.49007225
14847,25.08821106
14846,24.77188492
14845,24.45297432
14844,24.12494659
14843,23.71471786
14842,23.39984512
14841,23.09611511
14840,22.78214455
14839,22.39202118
14838,22.0443325
14837,21.75614929
14836,21.46930504
14835,21.10344315
14834,20.77662468
14833,20.50833321
14832,20.22728539
14831,19.93091202
14830,19.6110096
14829,19.33943176
14828,19.07209587
14827,18.83180237
14826,18.50300789
14825,18.22176552
14824,17.97243881
14823,17.7354641
14822,17.43172836
14821,17.11508751
14820,16.88260078
14819,16.65617371
14818,16.40609932
14817,16.09676743
14816,15.88625431
14815,15.66545963
14814,15.44710541
14813,15.1801424
14812,14.95558357
14811,14.75333595
14810,14.56780434
14809,14.3283577
14808,14.08366585
14807,13.90358829
14806,13.69127178
14805,13.47686768
14804,13.2095499
14803,13.0346756
14802,12.84495735
14801,12.65683365
14800,12.41195011
14799,12.2322197
14798,12.06893539
14797,11.89594078
14796,11.69588566
14795,11.51484871
14794,11.36021709
14793,11.20930386
14792,11.04321289
14791,10.84366226
14790,10.69763565
14789,10.53668785
14788,10.39262009
14787,10.19929981
14786,10.04651833
14785,9.902067184
14784,9.77015686
14783,9.585123062
14782,9.425519943
14781,9.298201561
14780,9.169556618
14779,9.026156425
14778,8.871757507
14777,8.763112068
14776,8.642371178
14775,8.524814606
14774,8.380060196
14773,8.248438835
14772,8.136544228
14771,8.022977829
14770,7.88340807
14769,7.742665768
14768,7.635342121
14767,7.533326149
14766,7.421535969
14765,7.279523373
14764,7.184420586
14763,7.083021164
14762,6.974112034
14761,6.860898972
14760,6.767915249
14759,6.674696445
14758,6.58761692
14757,6.485187054
14756,6.383512974
14755,6.297010899
14754,6.210473061
14753,6.112151623
14752,6.005160809
14751,5.92427969
14750,5.841695309
14749,5.757701874
14748,5.655888081
14747,5.57515192
14746,5.499876976
14745,5.428064823
14744,5.336501598
14743,5.264354706
14742,5.192658901
14741,5.129127979
14740,5.053687572
14739,4.96647644
14738,4.904536724
14737,4.842607498
14736,4.771221638
14735,4.681470871
14734,4.61856842
14733,4.554168224
14732,4.494187832
14731,4.413117886
14730,4.353568077
14729,4.295426369
14728,4.238948822
14727,4.174959183
14726,4.109162331
14725,4.050798893
14724,3.997864962
14723,3.945002794
14722,3.881687641
14721,3.825824738
14720,3.782687664
14719,3.731546164
14718,3.657890558
14717,3.609441996
14716,3.557374954
14715,3.516374588
14714,3.452915668
14713,3.400505781
14712,3.358884811
14711,3.315024376
14710,3.262970209
14709,3.211713314
14708,3.175340176
14707,3.132949829
14706,3.09661746
14705,3.042311192
14704,2.999202013
14703,2.96223402
14702,2.924804449
14701,2.879526138
14700,2.836954594
14699,2.796495676
14698,2.759104013
14697,2.721903563
14696,2.675404787
14695,2.641914368
14694,2.610191584
14693,2.572449207
14692,2.532610655
14691,2.502848864
14690,2.468567371
14689,2.438271284
14688,2.405546665
14687,2.368891716
14686,2.342726707
14685,2.312371492
14684,2.280107737
14683,2.241084814
14682,2.213810444
14681,2.185674906
14680,2.15777421
14679,2.120485783
14678,2.093402386
14677,2.068411827
14676,2.044604301
14675,2.012374878
14674,1.985772371
14673,1.95844233
14672,1.934622288
14671,1.908967614
14670,1.880585194
14669,1.858428359
14668,1.840137362
14667,1.814574003
14666,1.783551812
14665,1.762284517
14664,1.736376047
14663,1.719362855
14662,1.689274549
14661,1.666434288
14660,1.647767782
14659,1.627697825
14658,1.598666787
14657,1.579544663
14656,1.561423898
14655,1.541372299
14654,1.526011229
14653,1.501172423
14652,1.483234644
14651,1.466227531
14650,1.446196198
14649,1.422852397
14648,1.408373713
14647,1.389146447
14646,1.367082238
14645,1.35007298
14644,1.334509969
14643,1.314949155
14642,1.298474431
14641,1.282807231
14640,1.263594866
14639,1.250395536
14638,1.232820988
14637,1.21661365
14636,1.204452157
14635,1.186567545
14634,1.170228839
14633,1.160332322
14632,1.146627545
14631,1.129155278
14630,1.113242984
14629,1.098714828
14628,1.087051868
14627,1.065134883
14626,1.057417631
14625,1.038171411
14624,1.030299664
14623,1.016630173
14622,1.005001664
